City,Cloudiness,Country,Date,Humidity,Lat,Lng,Max Temp,Weend Speed
Faanui,88.0,PF,08/25/18,100.0,-16.48,-151.75,79.82,10.09
Kapaa,90.0,US,08/25/18,96.0,22.08,-159.32,77.0,19.46
Bredasdorp,0.0,ZA,08/25/18,28.0,-34.53,20.04,71.6,17.22
Pisco,90.0,PE,08/25/18,30.0,-13.71,-76.2,71.6,3.36
Mar del Plata,8.0,AR,08/25/18,52.0,-46.43,-67.52,56.78,17.58
Ushuaia,40.0,AR,08/25/18,60.0,-54.81,-68.31,41.0,13.87
Punta Arenas,40.0,CL,08/25/18,70.0,-53.16,-70.91,42.8,11.41
Hithadhoo,80.0,MV,08/25/18,100.0,-0.6,73.08,81.26,4.16
Rikitea,88.0,PF,08/25/18,100.0,-23.12,-134.97,71.81,12.44
Christchurch,0.0,NZ,08/25/18,98.0,-43.53,172.64,35.6,3.36
Lebu,75.0,ET,08/25/18,72.0,8.96,38.73,62.6,6.93
Ocu,80.0,PA,08/25/18,91.0,7.95,-80.78,79.28,1.48
Chokurdakh,68.0,RU,08/25/18,90.0,70.62,147.9,39.68,6.17
Gagra,20.0,GE,08/25/18,62.0,43.29,40.27,84.2,2.24
Jamestown,0.0,AU,08/25/18,80.0,-33.21,138.6,36.71,2.59
Guerrero Negro,0.0,MX,08/25/18,93.0,27.97,-114.04,70.37,7.63
Karasjok,40.0,NO,08/25/18,63.0,69.47,25.52,64.4,11.41
Pangai,36.0,TO,08/25/18,100.0,-19.8,-174.35,73.88,17.02
Avarua,20.0,CK,08/25/18,94.0,-21.21,-159.78,69.8,6.93
Cayenne,40.0,GF,08/25/18,55.0,4.94,-52.33,89.6,8.05
Makakilo City,75.0,US,08/25/18,84.0,21.35,-158.09,78.08,6.93
Busselton,24.0,AU,08/25/18,100.0,-33.64,115.35,53.18,6.96
Arlit,8.0,NE,08/25/18,34.0,18.74,7.39,98.36,7.96
Bluff,80.0,AU,08/25/18,92.0,-23.58,149.07,60.38,8.75
Kendari,32.0,ID,08/25/18,80.0,-3.99,122.52,75.05,2.59
Mangrol,80.0,IN,08/25/18,93.0,25.33,76.51,75.77,7.96
Kavieng,76.0,PG,08/25/18,100.0,-2.57,150.8,83.33,3.49
Port Alfred,0.0,ZA,08/25/18,63.0,-33.59,26.89,71.36,8.63
Chuy,8.0,UY,08/25/18,79.0,-33.69,-53.46,53.45,30.67
New Norfolk,0.0,AU,08/25/18,70.0,-42.78,147.06,48.2,6.93
Viradouro,0.0,BR,08/25/18,77.0,-20.87,-48.29,69.8,4.7
Uaua,0.0,BR,08/25/18,36.0,-9.84,-39.48,86.75,11.77
Bambous Virieux,40.0,MU,08/25/18,69.0,-20.34,57.76,73.4,11.41
Kaifeng,0.0,CN,08/25/18,78.0,34.8,114.35,77.0,2.24
Manaure,40.0,CO,08/25/18,59.0,11.78,-72.45,89.6,20.8
Mataura,0.0,NZ,08/25/18,96.0,-46.19,168.86,36.89,7.74
Flinders,24.0,AU,08/25/18,100.0,-34.58,150.85,50.0,8.05
Portland,75.0,US,08/25/18,85.0,45.52,-122.67,53.06,1.36
Hangu,36.0,PK,08/25/18,100.0,33.53,71.06,70.28,1.92
Victoria,75.0,BN,08/25/18,83.0,5.28,115.24,82.4,3.6
San Patricio,0.0,PY,08/25/18,70.0,-26.98,-56.83,59.03,3.6
Akdepe,0.0,TM,08/25/18,27.0,42.05,59.39,78.8,9.17
Quatre Cocos,40.0,MU,08/25/18,69.0,-20.21,57.76,73.4,11.41
Lavrentiya,12.0,RU,08/25/18,100.0,65.58,-170.99,44.45,7.96
Khatanga,0.0,RU,08/25/18,67.0,71.98,102.47,52.82,10.09
Along,88.0,IN,08/25/18,97.0,28.17,94.8,70.64,1.7
Tuktoyaktuk,40.0,CA,08/25/18,93.0,69.44,-133.03,39.2,4.7
Vila Franca do Campo,75.0,PT,08/25/18,69.0,37.72,-25.43,75.2,5.82
Albany,75.0,US,08/25/18,63.0,42.65,-73.75,73.04,8.05
Lompoc,90.0,US,08/25/18,93.0,34.64,-120.46,62.96,5.82
Florianopolis,0.0,BR,08/25/18,45.0,-27.6,-48.55,66.2,16.11
Yellowknife,75.0,CA,08/25/18,81.0,62.45,-114.38,48.2,5.82
Warrnambool,32.0,AU,08/25/18,100.0,-38.38,142.48,49.4,10.2
Kyshtovka,92.0,RU,08/25/18,100.0,56.56,76.62,59.3,10.76
Dunedin,0.0,NZ,08/25/18,80.0,-45.87,170.5,32.12,1.48
Onega,12.0,RU,08/25/18,67.0,63.91,38.09,67.85,13.67
Praia,0.0,BR,08/25/18,50.0,-20.25,-43.81,77.0,6.93
Pevek,88.0,RU,08/25/18,100.0,69.7,170.27,35.09,10.42
Gat,0.0,SN,08/25/18,64.0,14.69,-16.54,90.98,11.43
Ayan,80.0,TR,08/25/18,26.0,40.67,33.6,83.15,0.69
Zhangjiakou,68.0,CN,08/25/18,98.0,40.77,114.88,60.29,2.71
Turukhansk,92.0,RU,08/25/18,73.0,65.8,87.96,57.59,8.75
Vilyuysk,0.0,RU,08/25/18,92.0,63.75,121.63,49.22,2.71
Nelson Bay,75.0,AU,08/25/18,82.0,-32.72,152.14,57.2,6.93
Puerto Ayora,75.0,EC,08/25/18,69.0,-0.74,-90.35,73.4,10.29
Norman Wells,75.0,CA,08/25/18,93.0,65.28,-126.83,48.2,3.36
Jince,75.0,CZ,08/25/18,59.0,49.79,13.98,66.2,18.34
Thompson,90.0,CA,08/25/18,100.0,55.74,-97.86,44.6,11.41
Alofi,80.0,NU,08/25/18,94.0,-19.06,-169.92,71.6,9.17
Vaini,88.0,IN,08/25/18,98.0,15.34,74.49,67.67,5.61
Atuona,12.0,PF,08/25/18,100.0,-9.8,-139.03,78.65,17.58
Ossora,0.0,RU,08/25/18,100.0,59.24,163.07,45.62,3.6
Kampene,8.0,CD,08/25/18,61.0,-3.59,26.67,82.34,2.59
Mahebourg,40.0,MU,08/25/18,69.0,-20.41,57.7,73.4,11.41
Penha,0.0,BR,08/25/18,48.0,-26.78,-48.65,69.8,24.16
Hermanus,8.0,ZA,08/25/18,59.0,-34.42,19.24,58.22,18.7
Havoysund,92.0,NO,08/25/18,71.0,71.0,24.66,55.4,8.05
Kauhajoki,88.0,FI,08/25/18,59.0,62.43,22.18,60.8,8.05
Englewood,1.0,US,08/25/18,51.0,39.65,-104.99,69.8,4.05
Tual,64.0,ID,08/25/18,100.0,-5.67,132.75,78.92,9.64
Kodiak,1.0,US,08/25/18,79.0,39.95,-94.76,80.96,10.29
Solnechnyy,64.0,RU,08/25/18,88.0,50.72,136.64,58.76,2.37
Northam,20.0,GB,08/25/18,45.0,51.04,-4.21,64.4,9.17
Miri,88.0,NG,08/25/18,85.0,10.31,9.75,77.3,5.17
Baykit,68.0,RU,08/25/18,93.0,61.68,96.39,49.67,2.59
Mahalapye,0.0,BW,08/25/18,22.0,-23.11,26.83,83.6,10.98
Klaksvik,88.0,FO,08/25/18,81.0,62.23,-6.59,48.2,5.82
Cape Town,75.0,ZA,08/25/18,82.0,-33.93,18.42,57.2,34.45
Ujfeherto,40.0,HU,08/25/18,45.0,47.8,21.68,86.0,8.05
East London,0.0,ZA,08/25/18,33.0,-33.02,27.91,77.0,6.93
Saint George,40.0,GR,08/25/18,58.0,39.45,22.34,84.2,13.87
Clyde River,90.0,CA,08/25/18,93.0,70.47,-68.59,37.4,28.86
Shenjiamen,92.0,CN,08/25/18,100.0,29.96,122.3,80.72,16.69
Pogar,0.0,RU,08/25/18,28.0,52.55,33.26,80.72,9.98
Susanville,1.0,US,08/25/18,39.0,40.42,-120.65,46.4,3.36
Kaniama,20.0,CD,08/25/18,83.0,-7.57,24.18,74.87,3.15
Okha,0.0,RU,08/25/18,76.0,53.59,142.95,57.95,7.52
Te Anau,24.0,NZ,08/25/18,86.0,-45.41,167.72,37.25,6.96
Pundaguitan,64.0,PH,08/25/18,100.0,6.37,126.17,80.63,3.94
Ribeira Grande,75.0,PT,08/25/18,69.0,38.52,-28.7,77.0,6.93
Tessalit,32.0,ML,08/25/18,26.0,20.2,1.01,102.59,5.17
Saskylakh,0.0,RU,08/25/18,88.0,71.97,114.09,45.98,7.18
Boca do Acre,8.0,BR,08/25/18,69.0,-8.76,-67.39,88.01,2.93
Champerico,75.0,MX,08/25/18,83.0,16.38,-93.6,73.4,3.36
Araouane,24.0,ML,08/25/18,30.0,18.9,-3.53,105.74,8.52
Avera,1.0,US,08/25/18,73.0,33.19,-82.53,80.6,5.82
Tasiilaq,75.0,GL,08/25/18,75.0,65.61,-37.64,41.0,13.87
Provideniya,92.0,RU,08/25/18,100.0,64.42,-173.23,46.52,8.52
Puerto Quijarro,0.0,BO,08/25/18,30.0,-19.0,-57.72,71.6,5.82
Afantou,20.0,GR,08/25/18,69.0,36.29,28.16,82.4,19.46
Mogadishu,75.0,SO,08/25/18,78.0,2.04,45.34,80.6,14.99
Kaitangata,0.0,NZ,08/25/18,73.0,-46.28,169.85,46.07,16.46
Qingdao,0.0,CN,08/25/18,78.0,36.09,120.35,75.2,4.47
Zhigalovo,0.0,RU,08/25/18,89.0,54.81,105.15,50.12,2.04
Qaanaaq,0.0,GL,08/25/18,99.0,77.48,-69.36,36.44,3.94
Maningrida,0.0,AU,08/25/18,88.0,-12.05,134.23,76.49,9.64
Leningradskiy,92.0,RU,08/25/18,100.0,69.38,178.42,36.62,10.76
Ponta do Sol,68.0,BR,08/25/18,91.0,-20.63,-46.0,68.93,3.04
Upernavik,48.0,GL,08/25/18,91.0,72.79,-56.15,41.57,24.74
Matay,0.0,EG,08/25/18,28.0,28.42,30.79,98.99,9.53
Codrington,44.0,AU,08/25/18,90.0,-28.95,153.24,47.15,1.59
Anadyr,90.0,RU,08/25/18,100.0,64.73,177.51,48.2,8.95
Ilulissat,75.0,GL,08/25/18,86.0,69.22,-51.1,41.0,8.05
Constantine,40.0,DZ,08/25/18,22.0,36.36,6.61,89.6,11.41
Fort Nelson,90.0,CA,08/25/18,100.0,58.81,-122.69,48.2,3.36
Panguna,0.0,PG,08/25/18,86.0,-6.32,155.48,70.64,2.37
Saldanha,0.0,PT,08/25/18,32.0,41.42,-6.55,83.24,3.71
San Quintin,92.0,PH,08/25/18,95.0,17.54,120.52,71.18,3.71
Troy,75.0,US,08/25/18,63.0,42.73,-73.69,75.2,8.05
Kruisfontein,0.0,ZA,08/25/18,86.0,-34.0,24.73,62.45,5.5
Vanavara,88.0,RU,08/25/18,99.0,60.35,102.28,55.79,2.59
Georgetown,75.0,GY,08/25/18,70.0,6.8,-58.16,86.0,11.41
San Jose,92.0,PH,08/25/18,99.0,15.79,120.99,71.36,1.92
Severo-Kurilsk,32.0,RU,08/25/18,100.0,50.68,156.12,47.42,4.72
Grand Gaube,40.0,MU,08/25/18,69.0,-20.01,57.66,73.4,11.41
Dikson,44.0,RU,08/25/18,93.0,73.51,80.55,50.12,7.07
Paamiut,0.0,GL,08/25/18,99.0,61.99,-49.67,42.92,8.52
Staryy Nadym,0.0,RU,08/25/18,62.0,65.61,72.68,62.72,14.67
Eureka,40.0,US,08/25/18,93.0,40.8,-124.16,51.8,3.36
Oruro,20.0,BO,08/25/18,49.0,-17.97,-67.11,46.4,12.75
Ixtapa,75.0,MX,08/25/18,100.0,20.71,-105.21,75.2,6.93
Half Moon Bay,90.0,US,08/25/18,93.0,37.46,-122.43,60.98,9.17
Pitimbu,75.0,BR,08/25/18,65.0,-7.47,-34.81,82.4,17.22
Tayshet,0.0,RU,08/25/18,66.0,55.94,98.01,62.36,5.17
Castro,92.0,CL,08/25/18,99.0,-42.48,-73.76,50.75,5.39
Sur,48.0,OM,08/25/18,86.0,22.57,59.53,86.21,0.13
Hilo,90.0,US,08/25/18,96.0,19.71,-155.08,73.04,6.93
Alyangula,8.0,AU,08/25/18,100.0,-13.85,136.42,74.6,11.1
San Felipe,0.0,CL,08/25/18,75.0,-32.75,-70.73,51.8,3.36
Ust-Nera,80.0,RU,08/25/18,92.0,64.57,143.24,43.91,2.04
Kropotkin,32.0,RU,08/25/18,33.0,45.43,40.58,87.56,13.0
Vostok,92.0,RU,08/25/18,86.0,46.45,135.83,54.26,2.15
Angoram,64.0,PG,08/25/18,93.0,-4.06,144.07,76.31,1.7
Barrow,0.0,AR,08/25/18,66.0,-38.31,-60.23,51.29,10.09
Verkhoshizhemye,0.0,RU,08/25/18,76.0,58.01,49.1,62.9,3.94
Muswellbrook,92.0,AU,08/25/18,96.0,-32.27,150.89,48.5,1.36
Oranjestad,40.0,AW,08/25/18,62.0,12.52,-70.03,87.8,25.28
Tateyama,64.0,JP,08/25/18,82.0,36.66,137.31,73.97,1.14
Boyolangu,0.0,ID,08/25/18,76.0,-8.09,111.9,68.3,5.17
Roald,40.0,NO,08/25/18,71.0,62.58,6.12,57.2,11.41
Iranshahr,0.0,IR,08/25/18,5.0,27.21,60.69,105.8,6.93
Gbarnga,56.0,LR,08/25/18,91.0,7.0,-9.47,77.57,13.78
Pavilosta,88.0,LV,08/25/18,68.0,56.89,21.19,64.4,6.93
Margate,0.0,AU,08/25/18,70.0,-43.03,147.26,48.2,6.93
Hasaki,40.0,JP,08/25/18,88.0,35.73,140.83,80.6,1.12
Mandurah,0.0,AU,08/25/18,100.0,-32.55,115.7,50.0,4.7
Lloydminster,40.0,CA,08/25/18,81.0,53.28,-110.01,44.6,6.93
Butaritari,0.0,KI,08/25/18,100.0,3.07,172.79,83.78,3.38
Marsh Harbour,8.0,BS,08/25/18,96.0,26.54,-77.06,84.86,13.44
Cabo San Lucas,5.0,MX,08/25/18,73.0,22.89,-109.91,75.2,6.17
Effium,88.0,NG,08/25/18,95.0,6.63,8.06,79.37,5.06
Warwick,75.0,US,08/25/18,68.0,41.7,-71.42,77.0,6.93
The Pas,90.0,CA,08/25/18,93.0,53.82,-101.24,48.2,12.75
Ostrovnoy,20.0,RU,08/25/18,67.0,68.05,39.51,66.14,25.86
Palmas,0.0,BR,08/25/18,33.0,-10.18,-48.33,96.65,6.62
Sokolovo-Kundryuchenskiy,0.0,RU,08/25/18,21.0,47.83,39.94,80.27,9.08
Mogilno,40.0,PL,08/25/18,60.0,52.66,17.95,68.0,5.82
Pecos,1.0,US,08/25/18,53.0,31.42,-103.49,80.06,6.93
Monte Gordo,0.0,ES,08/25/18,58.0,37.18,-7.45,82.4,9.17
Yar-Sale,48.0,RU,08/25/18,81.0,66.83,70.83,56.96,21.16
Carnarvon,0.0,ZA,08/25/18,16.0,-30.97,22.13,61.01,20.27
Hofn,56.0,IS,08/25/18,100.0,64.25,-15.21,45.71,5.73
Puerto Escondido,40.0,MX,08/25/18,73.0,15.86,-97.07,75.2,5.82
Lata,76.0,IN,08/25/18,100.0,30.78,78.62,59.21,1.48
Nantucket,1.0,US,08/25/18,57.0,41.28,-70.1,75.2,5.82
Floriano,0.0,BR,08/25/18,29.0,-6.77,-43.02,95.03,11.65
Torbat-e Jam,0.0,IR,08/25/18,30.0,35.24,60.63,73.7,10.2
Kumluca,0.0,TR,08/25/18,44.0,36.37,30.29,78.74,1.59
Talaya,56.0,RU,08/25/18,68.0,55.79,84.89,63.98,6.17
Arraial do Cabo,75.0,BR,08/25/18,69.0,-22.97,-42.02,78.8,11.41
Verkhnevilyuysk,0.0,RU,08/25/18,85.0,63.45,120.31,51.02,3.38
Tiksi,0.0,RU,08/25/18,98.0,71.64,128.87,40.22,7.63
Okato,0.0,NZ,08/25/18,98.0,-39.19,173.88,49.94,10.65
Ruse,8.0,BG,08/25/18,30.0,43.85,25.95,90.8,3.6
Hirara,56.0,JP,08/25/18,100.0,24.8,125.28,81.71,20.15
Olecko,100.0,PL,08/25/18,100.0,54.04,22.49,59.03,7.63
Salekhard,0.0,RU,08/25/18,79.0,66.54,66.62,53.54,8.97
Bethel,92.0,US,08/25/18,96.0,60.79,-161.76,49.76,8.41
Port Elizabeth,1.0,US,08/25/18,57.0,39.31,-74.98,78.08,5.82
Pimentel,20.0,BR,08/25/18,50.0,-3.7,-45.5,92.78,4.94
Boende,56.0,CD,08/25/18,77.0,-0.28,20.88,79.37,2.71
Mareeba,20.0,AU,08/25/18,88.0,-16.99,145.42,66.2,1.12
Xam Nua,80.0,LA,08/25/18,91.0,20.42,104.04,69.38,1.7
Sao Joao da Barra,20.0,BR,08/25/18,51.0,-21.64,-41.05,82.4,6.93
Sitka,12.0,US,08/25/18,79.0,37.17,-99.65,75.5,7.07
Porbandar,100.0,IN,08/25/18,98.0,21.64,69.61,77.66,16.58
Henties Bay,0.0,NA,08/25/18,86.0,-22.12,14.28,59.21,13.78
Morehead,20.0,US,08/25/18,68.0,38.18,-83.43,69.98,5.39
Broken Hill,0.0,AU,08/25/18,84.0,-31.97,141.45,43.82,7.4
Atyrau,0.0,KZ,08/25/18,31.0,47.1,51.92,77.0,20.13
Oil City,90.0,US,08/25/18,70.0,41.43,-79.71,69.98,12.75
Port Macquarie,80.0,AU,08/25/18,87.0,-31.43,152.91,55.4,4.7
Sao Filipe,0.0,CV,08/25/18,88.0,14.9,-24.5,81.8,6.73
Cherskiy,80.0,RU,08/25/18,99.0,68.75,161.3,35.0,7.18
Tilbury,64.0,GB,08/25/18,59.0,51.46,0.36,66.2,10.29
Meulaboh,12.0,ID,08/25/18,100.0,4.14,96.13,80.72,2.59
Hobart,0.0,AU,08/25/18,70.0,-42.88,147.33,48.2,6.93
Nikolskoye,75.0,RU,08/25/18,73.0,59.7,30.79,69.8,8.95
Longyearbyen,75.0,NO,08/25/18,56.0,78.22,15.63,42.8,24.16
Fairbanks,90.0,US,08/25/18,94.0,64.84,-147.72,48.02,5.82
Ancud,92.0,CL,08/25/18,100.0,-41.87,-73.83,51.47,5.06
Tiruchchendur,48.0,IN,08/25/18,76.0,8.48,78.12,81.35,9.42
Sharan,8.0,AF,08/25/18,17.0,33.15,68.78,64.34,4.16
Sayyan,92.0,YE,08/25/18,20.0,15.17,44.32,79.82,6.96
Ponta Delgada,75.0,PT,08/25/18,69.0,37.73,-25.67,75.2,5.82
Pacific Grove,90.0,US,08/25/18,93.0,36.62,-121.92,57.92,3.15
Vila,75.0,IT,08/25/18,73.0,45.18,8.4,75.2,9.17
Bria,32.0,CF,08/25/18,57.0,6.54,21.99,84.14,7.07
Masvingo,0.0,ZW,08/25/18,20.0,-20.08,30.83,80.09,9.42
Santo Domingo,40.0,DO,08/25/18,74.0,18.48,-69.94,84.2,1.48
Mecca,36.0,SA,08/25/18,30.0,21.43,39.83,98.0,9.75
Dawei,92.0,MM,08/25/18,100.0,14.07,98.19,71.36,2.15
Kovernino,76.0,RU,08/25/18,63.0,57.13,43.81,72.98,3.6
Konstantinovka,0.0,MD,08/25/18,25.0,47.99,28.86,87.02,6.51
Hualmay,24.0,PE,08/25/18,73.0,-11.1,-77.61,65.51,4.5
Paragominas,36.0,BR,08/25/18,58.0,-3.0,-47.35,90.62,7.18
Husavik,36.0,CA,08/25/18,95.0,50.56,-96.99,67.58,10.42
Iqaluit,90.0,CA,08/25/18,93.0,63.75,-68.52,39.2,6.93
Luderitz,0.0,NA,08/25/18,80.0,-26.65,15.16,57.05,3.94
Itarema,0.0,BR,08/25/18,56.0,-2.92,-39.92,90.98,14.67
Hyeres,0.0,FR,08/25/18,26.0,43.12,6.14,82.4,20.8
Taoudenni,0.0,ML,08/25/18,13.0,22.68,-3.98,112.13,8.75
Saint-Joseph,0.0,FR,08/25/18,23.0,43.56,6.97,87.8,14.99
Saint-Pierre,0.0,FR,08/25/18,42.0,48.95,4.24,66.2,10.29
Saint-Philippe,1.0,CA,08/25/18,66.0,45.36,-73.48,75.2,5.82
Ballina,75.0,IE,08/25/18,54.0,54.11,-9.15,59.0,4.7
Brigantine,40.0,US,08/25/18,54.0,39.41,-74.36,78.08,4.61
Bonthe,56.0,SL,08/25/18,90.0,7.53,-12.5,80.63,6.62
Kijang,75.0,KR,08/25/18,94.0,35.24,129.21,75.2,4.7
Zhob,0.0,PK,08/25/18,18.0,31.34,69.45,76.58,7.96
Puerto Madryn,0.0,AR,08/25/18,63.0,-42.77,-65.04,52.28,8.97
Duki,0.0,PK,08/25/18,41.0,30.15,68.58,81.98,3.94
Valea Crisului,12.0,RO,08/25/18,50.0,45.92,25.77,75.95,2.59
Belmonte,0.0,PT,08/25/18,27.0,40.36,-7.35,86.66,4.16
Isangel,68.0,VU,08/25/18,100.0,-19.55,169.27,72.17,17.13
Harper,1.0,US,08/25/18,62.0,30.3,-99.24,77.9,8.05
Marystown,0.0,CA,08/25/18,79.0,47.17,-55.16,70.01,10.09
Lugovoy,56.0,RU,08/25/18,78.0,59.72,65.88,64.34,8.52
Puerto Asis,48.0,CO,08/25/18,79.0,0.51,-76.5,79.55,2.93
Grindavik,20.0,IS,08/25/18,62.0,63.84,-22.43,51.8,5.82
Puerto Baquerizo Moreno,90.0,EC,08/25/18,94.0,-0.9,-89.6,68.0,17.22
Port Hardy,90.0,CA,08/25/18,100.0,50.7,-127.42,53.6,4.7
Los Llanos de Aridane,20.0,ES,08/25/18,69.0,28.66,-17.92,78.8,12.75
Coracora,0.0,PE,08/25/18,29.0,-15.02,-73.78,60.47,2.37
Chapada dos Guimaraes,90.0,BR,08/25/18,73.0,-15.46,-55.75,71.6,12.75
Manjacaze,0.0,MZ,08/25/18,31.0,-24.71,33.88,84.32,4.94
La Puebla de Cazalla,0.0,ES,08/25/18,32.0,37.22,-5.31,96.8,10.29
Ippy,8.0,CF,08/25/18,52.0,6.26,21.2,85.85,5.39
Naranjal,40.0,PY,08/25/18,48.0,-25.97,-55.19,60.8,9.17
Kansanshi,0.0,ZM,08/25/18,30.0,-12.1,26.43,79.1,8.52
Amga,0.0,RU,08/25/18,95.0,60.89,131.98,47.78,2.48
Katangli,36.0,RU,08/25/18,95.0,51.71,143.23,53.81,1.14
Centerville,1.0,US,08/25/18,51.0,40.92,-111.87,66.38,5.82
Uyo,88.0,NG,08/25/18,97.0,5.03,7.92,77.39,7.74
Kawalu,0.0,ID,08/25/18,93.0,-7.38,108.21,61.55,1.7
Orbetello,20.0,IT,08/25/18,62.0,42.44,11.21,86.0,16.11
Poum,56.0,MK,08/25/18,68.0,41.28,20.71,70.1,1.36
Omboue,0.0,GA,08/25/18,100.0,-1.57,9.26,74.6,9.08
Sorochinsk,0.0,RU,08/25/18,41.0,52.43,53.15,69.2,11.77
Tynda,20.0,RU,08/25/18,91.0,55.15,124.74,59.57,1.92
Chacabuco,0.0,AR,08/25/18,72.0,-34.64,-60.47,51.74,6.06
Lagoa,0.0,PT,08/25/18,58.0,37.14,-8.45,82.4,9.17
Lima,8.0,PE,08/25/18,79.0,-12.06,-77.04,64.88,2.15
College,90.0,US,08/25/18,94.0,64.86,-147.8,48.02,5.82
Pangnirtung,75.0,CA,08/25/18,65.0,66.15,-65.72,46.4,8.05
Yingcheng,0.0,CN,08/25/18,58.0,30.93,113.57,82.4,8.95
Makushino,92.0,RU,08/25/18,99.0,55.21,67.25,57.95,8.75
Great Yarmouth,40.0,GB,08/25/18,59.0,52.61,1.73,60.8,11.41
Tabat,92.0,ID,08/25/18,90.0,-2.64,115.23,76.49,0.47
Port Moresby,92.0,PG,08/25/18,97.0,-9.47,147.16,77.3,16.8
Mestec Kralove,0.0,CZ,08/25/18,40.0,50.21,15.3,69.8,13.87
Walvis Bay,0.0,NA,08/25/18,98.0,-22.95,14.51,58.58,16.8
Port Hedland,0.0,AU,08/25/18,72.0,-20.31,118.58,59.0,5.82
Ballinrobe,75.0,IE,08/25/18,54.0,53.62,-9.22,59.0,4.7
Tiarei,56.0,PF,08/25/18,73.0,-17.53,-149.33,75.2,4.7
Port Shepstone,0.0,ZA,08/25/18,79.0,-30.74,30.45,74.15,5.06
Tongren,0.0,CN,08/25/18,80.0,27.72,109.18,69.92,3.49
Berlevag,92.0,NO,08/25/18,95.0,70.86,29.09,55.16,3.94
Ranfurly,0.0,CA,08/25/18,97.0,53.41,-111.68,45.98,4.5
Lasa,40.0,CY,08/25/18,66.0,34.92,32.53,86.0,18.34
Ejea de los Caballeros,32.0,ES,08/25/18,36.0,42.13,-1.14,78.8,20.8
Constitucion,20.0,MX,08/25/18,77.0,23.99,-104.67,59.0,3.04
Sibolga,20.0,ID,08/25/18,100.0,1.74,98.78,69.74,1.7
Xiaoweizhai,0.0,CN,08/25/18,80.0,26.23,107.51,65.87,4.05
Kununurra,0.0,AU,08/25/18,62.0,-15.77,128.74,59.0,2.24
Ouro Branco,56.0,BR,08/25/18,50.0,-20.52,-43.69,77.12,3.49
Burirao,80.0,PH,08/25/18,82.0,11.04,122.5,79.28,6.06
Padang,32.0,ID,08/25/18,100.0,-0.92,100.36,80.27,8.63
Kiunga,92.0,PG,08/25/18,95.0,-6.12,141.3,73.07,2.37
Torbay,90.0,CA,08/25/18,68.0,47.66,-52.73,69.8,16.11
Kerman,20.0,IR,08/25/18,5.0,30.29,57.06,91.4,11.41
Umm Kaddadah,48.0,SD,08/25/18,40.0,13.6,26.69,89.9,4.5
Boyle,75.0,IE,08/25/18,54.0,53.97,-8.3,59.0,4.7
Kahului,90.0,US,08/25/18,94.0,20.89,-156.47,75.92,18.34
Yulara,0.0,AU,08/25/18,42.0,-25.24,130.99,46.4,4.7
Selikhino,88.0,RU,08/25/18,79.0,50.37,137.51,63.35,4.16
Khor,92.0,RU,08/25/18,70.0,47.88,134.96,64.88,4.61
Hagere Selam,92.0,ET,08/25/18,93.0,6.48,38.52,61.82,2.93
Cidreira,12.0,BR,08/25/18,81.0,-30.17,-50.22,53.9,25.75
Nizwa,0.0,OM,08/25/18,16.0,22.93,57.53,90.08,3.71
Bathsheba,40.0,BB,08/25/18,66.0,13.22,-59.52,86.0,17.22
Langxiang,92.0,CN,08/25/18,99.0,46.95,128.87,57.32,2.48
Cazones,40.0,MX,08/25/18,94.0,20.72,-97.32,77.0,5.82
Souillac,0.0,FR,08/25/18,60.0,45.6,-0.6,68.0,6.93
Adrar,0.0,DZ,08/25/18,14.0,27.87,-0.29,105.8,14.99
Minab,0.0,IR,08/25/18,79.0,27.15,57.07,93.2,6.93
Santa Marta,40.0,CO,08/25/18,70.0,11.24,-74.21,86.0,21.5
Natal,40.0,BR,08/25/18,55.0,-5.81,-35.21,86.0,20.8
Pochutla,75.0,MX,08/25/18,83.0,15.74,-96.47,77.0,4.61
Karonga,0.0,MW,08/25/18,78.0,-9.94,33.93,78.74,13.11
Zabol,0.0,IR,08/25/18,7.0,31.03,61.49,96.8,31.09
Nome,1.0,US,08/25/18,66.0,30.04,-94.42,86.0,3.36
Port Lincoln,0.0,AU,08/25/18,100.0,-34.72,135.86,48.05,3.49
Seoul,0.0,KR,08/25/18,69.0,37.57,126.98,75.2,5.82
Simao,80.0,CN,08/25/18,99.0,22.76,100.79,69.02,1.36
Tacoronte,0.0,ES,08/25/18,26.0,28.48,-16.41,82.4,10.29
Salalah,90.0,OM,08/25/18,100.0,17.01,54.1,73.4,2.24
Nanortalik,12.0,GL,08/25/18,100.0,60.14,-45.24,42.38,14.45
Bardsir,20.0,IR,08/25/18,5.0,29.93,56.57,91.4,11.41
Griffith,0.0,AU,08/25/18,92.0,-34.29,146.06,46.7,8.08
Areia Branca,40.0,BR,08/25/18,51.0,-10.76,-37.31,82.4,16.11
Vestmannaeyjar,40.0,IS,08/25/18,81.0,63.44,-20.27,51.8,6.93
Shelburne,75.0,CA,08/25/18,78.0,44.08,-80.2,75.2,11.41
Tweed,20.0,CA,08/25/18,69.0,44.48,-77.31,75.2,5.82
Nicolas de Pierola,8.0,PE,08/25/18,79.0,-11.95,-76.7,64.88,2.15
Okahandja,0.0,NA,08/25/18,18.0,-21.98,16.91,77.75,14.56
Ogbomosho,92.0,NG,08/25/18,100.0,8.13,4.25,72.08,10.76
Banmankhi,64.0,IN,08/25/18,87.0,25.89,87.19,81.53,4.94
Pampa,1.0,US,08/25/18,46.0,35.54,-100.96,82.4,20.8
Saint-Francois,75.0,FR,08/25/18,72.0,46.42,3.91,60.8,11.41
Capitan Bado,0.0,PY,08/25/18,52.0,-23.27,-55.53,62.54,8.41
Niono,48.0,ML,08/25/18,43.0,14.25,-5.99,99.89,8.52
Cururupu,68.0,BR,08/25/18,68.0,-1.82,-44.87,86.48,12.21
Sternberk,92.0,CZ,08/25/18,77.0,49.73,17.3,62.6,8.05
Airai,76.0,TL,08/25/18,93.0,-8.93,125.41,68.75,2.04
Cairns,20.0,AU,08/25/18,88.0,-16.92,145.77,66.2,1.12
Bud,40.0,NO,08/25/18,62.0,62.91,6.91,57.2,16.11
Paungde,92.0,MM,08/25/18,100.0,18.49,95.51,74.87,11.65
Marabba,24.0,SD,08/25/18,68.0,12.35,32.18,85.67,7.07
Usinsk,0.0,RU,08/25/18,71.0,66.0,57.56,54.35,4.72
Benguela,0.0,AO,08/25/18,90.0,-12.58,13.4,73.07,11.1
Saint-Louis,75.0,CH,08/25/18,82.0,47.59,7.56,59.0,9.17
Ayr,40.0,GB,08/25/18,55.0,55.46,-4.63,62.6,11.41
Coruripe,0.0,BR,08/25/18,90.0,-10.12,-36.18,79.1,16.13
Bismil,0.0,TR,08/25/18,12.0,37.85,40.66,102.2,6.93
Beringovskiy,88.0,RU,08/25/18,100.0,63.05,179.32,47.6,4.61
Comodoro Rivadavia,0.0,AR,08/25/18,71.0,-45.87,-67.48,55.4,20.8
Yanaul,0.0,RU,08/25/18,71.0,56.27,54.93,62.54,9.64
Melivoia,20.0,GR,08/25/18,43.0,41.33,24.93,87.8,9.17
Kavaratti,32.0,IN,08/25/18,95.0,10.57,72.64,82.88,12.77
Rolla,1.0,US,08/25/18,74.0,37.95,-91.77,80.96,13.87
Morant Bay,20.0,JM,08/25/18,52.0,17.88,-76.41,87.8,17.22
Kandrian,88.0,PG,08/25/18,100.0,-6.21,149.55,74.51,2.37
Paita,0.0,PE,08/25/18,290.0,-5.09,-81.11,62.6,17.22
Ourinhos,0.0,BR,08/25/18,94.0,-22.98,-49.87,75.5,8.75
Mackay,90.0,CA,08/25/18,100.0,53.65,-115.58,41.0,3.36
Tchibanga,44.0,GA,08/25/18,66.0,-2.92,11.0,82.07,4.38
Necochea,12.0,AR,08/25/18,81.0,-38.55,-58.74,51.11,12.66
Qaqortoq,75.0,GL,08/25/18,75.0,60.72,-46.03,46.4,13.78
Geraldton,90.0,CA,08/25/18,100.0,49.72,-86.95,60.8,5.82
Waxahachie,1.0,US,08/25/18,77.0,32.39,-96.85,82.94,11.41
Malinovoye Ozero,0.0,RU,08/25/18,58.0,51.68,79.77,63.35,6.73
Naze,75.0,NG,08/25/18,70.0,5.43,7.07,86.0,11.41
Nanao,92.0,JP,08/25/18,98.0,37.05,136.95,78.2,6.06
Emerald,100.0,AU,08/25/18,91.0,-23.53,148.16,60.74,9.53
Rafsanjan,64.0,IR,08/25/18,14.0,30.4,55.99,87.29,6.73
Veselynove,0.0,UA,08/25/18,25.0,47.36,31.24,89.6,6.71
Calvia,40.0,ES,08/25/18,66.0,39.57,2.51,86.0,13.87
Turbat,0.0,PK,08/25/18,41.0,26.0,63.05,91.16,9.64
Martil,0.0,MA,08/25/18,37.0,35.62,-5.28,86.0,10.29
Calama,0.0,CL,08/25/18,5.0,-22.46,-68.93,60.8,19.46
Phan Thiet,36.0,VN,08/25/18,100.0,10.93,108.1,77.48,8.19
Santa Cruz,90.0,US,08/25/18,93.0,36.97,-122.03,59.0,2.71
Kieta,8.0,PG,08/25/18,97.0,-6.22,155.63,76.76,2.04
Zhaozhou,92.0,CN,08/25/18,100.0,45.71,125.27,63.35,8.52
Mayo,75.0,CA,08/25/18,100.0,63.59,-135.9,46.4,4.7
Halden,0.0,SE,08/25/18,51.0,59.12,11.39,62.6,13.87
Waingapu,0.0,ID,08/25/18,91.0,-9.65,120.26,69.38,5.06
Ternate,90.0,PH,08/25/18,100.0,14.29,120.72,82.4,5.82
Guozhen,0.0,CN,08/25/18,70.0,29.3,113.14,78.65,4.72
Callander,44.0,GB,08/25/18,48.0,56.24,-4.21,62.6,12.75
Ogori,76.0,NG,08/25/18,100.0,7.33,7.84,77.84,4.05
Eenhana,0.0,NA,08/25/18,14.0,-17.48,16.34,91.07,6.4
Kirakira,92.0,SB,08/25/18,100.0,-10.46,161.92,78.83,12.66
Blagoyevo,0.0,RU,08/25/18,71.0,63.37,47.92,60.29,3.94
Sao Miguel do Araguaia,0.0,BR,08/25/18,82.0,-13.28,-50.16,87.65,5.17
Ahipara,92.0,NZ,08/25/18,92.0,-35.17,173.16,54.98,11.54
Mehamn,92.0,NO,08/25/18,98.0,71.03,27.85,54.8,3.49
Shubarshi,0.0,KZ,08/25/18,44.0,48.59,57.19,69.2,13.44
LOS ALGARROBOS,0.0,EC,08/25/18,81.0,-3.25,-79.94,74.87,2.93
Montlucon,64.0,FR,08/25/18,44.0,46.33,2.6,65.78,10.76
Kipit,92.0,PH,08/25/18,95.0,8.05,122.53,75.05,2.59
Turayf,0.0,SA,08/25/18,14.0,31.68,38.65,104.0,3.36
Coquimbo,0.0,CL,08/25/18,51.0,-29.95,-71.34,59.0,2.24
Fairlie,1.0,US,08/25/18,64.0,33.31,-95.96,84.2,4.7
High Rock,75.0,BS,08/25/18,66.0,26.63,-78.28,87.8,4.7
Khandyga,8.0,RU,08/25/18,96.0,62.65,135.58,51.47,2.48
Joshimath,100.0,IN,08/25/18,100.0,30.57,79.57,37.7,0.47
Spring Valley,1.0,US,08/25/18,55.0,41.11,-74.04,77.0,5.82
Male,0.0,UA,08/25/18,24.0,50.74,33.7,82.97,7.74
Nioro,12.0,GM,08/25/18,57.0,13.79,-15.05,96.47,6.73
Patacamaya,0.0,BO,08/25/18,97.0,-17.23,-67.92,40.49,4.72
Zaoyang,0.0,CN,08/25/18,83.0,32.12,112.76,73.52,3.04
Bubaque,75.0,GW,08/25/18,66.0,11.28,-15.83,89.6,8.05
Moose Factory,90.0,CA,08/25/18,93.0,51.26,-80.61,55.4,4.7
San Juan,40.0,PR,08/25/18,67.0,18.47,-66.12,84.92,16.11
Khash,0.0,IR,08/25/18,9.0,28.22,61.21,78.92,10.2
Arica,90.0,CL,08/25/18,67.0,-18.48,-70.32,60.8,2.24
Ler,40.0,NO,08/25/18,58.0,63.2,10.3,59.0,8.05
Taketa,12.0,JP,08/25/18,96.0,32.97,131.38,71.27,2.15
Moerai,44.0,PF,08/25/18,96.0,-22.43,-151.33,75.14,13.22
Ingham,8.0,AU,08/25/18,100.0,-18.65,146.16,69.47,3.94
Srednekolymsk,88.0,RU,08/25/18,90.0,67.46,153.71,41.48,4.72
Yerofey Pavlovich,36.0,RU,08/25/18,91.0,53.97,121.97,60.38,2.37
Morondava,0.0,MG,08/25/18,64.0,-20.3,44.28,79.28,6.06
Zhanaozen,0.0,KZ,08/25/18,15.0,43.35,52.85,77.84,4.16
Sarangani,44.0,PH,08/25/18,100.0,5.4,125.46,81.8,3.04
Sharjah,0.0,AE,08/25/18,63.0,25.36,55.39,100.4,12.75
Narsaq,75.0,GL,08/25/18,75.0,60.91,-46.05,46.4,1.7
Meadow Lake,90.0,CA,08/25/18,93.0,54.13,-108.44,46.4,8.05
Visnes,75.0,NO,08/25/18,71.0,59.36,5.22,59.0,11.41
Xining,56.0,CN,08/25/18,97.0,36.62,101.77,53.27,2.59
Litovko,92.0,RU,08/25/18,86.0,49.24,135.18,63.98,2.37
Tomaszow Lubelski,56.0,PL,08/25/18,84.0,50.45,23.42,72.44,11.54
Cabra,0.0,ES,08/25/18,18.0,37.47,-4.43,102.2,10.29
Pontes e Lacerda,0.0,BR,08/25/18,72.0,-15.23,-59.33,72.98,13.67
Leh,8.0,IN,08/25/18,69.0,34.16,77.58,38.33,1.7
Angoche,0.0,MZ,08/25/18,99.0,-16.23,39.91,78.47,10.65
Balaguer,56.0,ES,08/25/18,31.0,41.79,0.81,78.38,7.52
Manokwari,92.0,ID,08/25/18,100.0,-0.87,134.08,75.5,2.48
Merauke,92.0,ID,08/25/18,94.0,-8.49,140.4,76.85,9.75
Hervey Bay,92.0,AU,08/25/18,88.0,-25.3,152.85,66.77,12.44
Esperance,40.0,TT,08/25/18,70.0,10.24,-61.45,86.0,16.11
Chilia Veche,0.0,UA,08/25/18,22.0,45.41,29.29,87.8,4.7
West Wendover,1.0,US,08/25/18,31.0,40.74,-114.07,64.04,4.7
Luau,76.0,CD,08/25/18,39.0,-10.7,22.23,83.96,3.94
Cabedelo,75.0,BR,08/25/18,65.0,-6.97,-34.84,82.4,17.22
Vestmanna,80.0,FO,08/25/18,81.0,62.16,-7.17,48.2,5.82
Hammerfest,80.0,NO,08/25/18,71.0,70.66,23.68,55.4,8.05
Chicama,90.0,PE,08/25/18,88.0,-7.84,-79.15,62.6,5.82
Sidi Ali,0.0,DZ,08/25/18,30.0,36.1,0.42,94.4,4.16
Tarakan,76.0,ID,08/25/18,100.0,3.3,117.63,80.36,2.37
Rodeo,0.0,MX,08/25/18,38.0,25.18,-104.56,76.85,3.49
Garowe,32.0,SO,08/25/18,35.0,8.41,48.48,89.0,17.81
Acandi,24.0,CO,08/25/18,93.0,8.51,-77.28,80.72,2.48
Mogwase,68.0,ZA,08/25/18,22.0,-25.28,27.22,79.91,11.77
Saint-Augustin,75.0,FR,08/25/18,60.0,44.83,-0.61,69.8,8.05
Kimbe,36.0,PG,08/25/18,100.0,-5.56,150.15,76.94,4.72
Diffa,36.0,NE,08/25/18,78.0,13.32,12.61,83.51,5.95
Kot Diji,40.0,PK,08/25/18,53.0,27.34,68.71,95.0,11.41
Kamenka,0.0,RU,08/25/18,34.0,53.19,44.05,77.21,3.6
Coos Bay,1.0,US,08/25/18,96.0,43.37,-124.22,48.02,3.71
Akonolinga,80.0,CM,08/25/18,69.0,3.77,12.24,81.71,2.37
Port Blair,88.0,IN,08/25/18,99.0,11.67,92.75,81.71,24.29
Hede,80.0,SE,08/25/18,51.0,60.45,15.49,60.8,10.29
Caravelas,0.0,BR,08/25/18,98.0,-17.73,-39.27,76.49,9.53
Riyadh,0.0,SA,08/25/18,7.0,24.63,46.72,109.4,11.41
Ust-Barguzin,76.0,RU,08/25/18,94.0,53.41,109.03,55.79,2.37
Magway,56.0,MM,08/25/18,90.0,20.15,94.92,77.12,11.65
Price,1.0,US,08/25/18,62.0,39.6,-110.81,60.98,3.36
Santa catarina de Tepehuanes,0.0,MX,08/25/18,63.0,25.34,-105.72,64.97,1.92
Kutum,44.0,SD,08/25/18,68.0,14.2,24.66,78.65,3.94
Pittsburg,90.0,US,08/25/18,93.0,38.02,-121.89,59.0,5.82
Obzor,0.0,BG,08/25/18,57.0,42.82,27.88,80.6,13.87
Tromso,75.0,NO,08/25/18,81.0,69.65,18.96,53.6,5.82
Santa Cruz de Tenerife,0.0,ES,08/25/18,26.0,28.47,-16.25,82.4,10.29
Maryville,1.0,US,08/25/18,79.0,40.35,-94.87,80.96,10.29
Hanna,8.0,CA,08/25/18,76.0,51.64,-111.93,49.13,4.5
Mount Isa,0.0,AU,08/25/18,34.0,-20.73,139.49,53.6,9.75
Udachnyy,32.0,RU,08/25/18,94.0,66.42,112.4,45.44,2.48
Oktyabrskiy,0.0,RU,08/25/18,29.0,55.61,37.97,78.8,8.95
Gazimurskiy Zavod,56.0,RU,08/25/18,91.0,51.55,118.33,59.75,2.71
Jalu,0.0,LY,08/25/18,25.0,29.03,21.55,99.89,9.19
Karaton,20.0,ID,08/25/18,78.0,-6.34,106.1,80.6,5.82
Autazes,0.0,BR,08/25/18,48.0,-3.58,-59.13,93.14,6.51
Shache,0.0,CN,08/25/18,40.0,38.42,77.24,71.99,6.62
Huaicheng,0.0,CN,08/25/18,80.0,23.91,112.19,75.68,3.94
Ornskoldsvik,44.0,SE,08/25/18,71.0,63.29,18.72,60.8,8.05
Preston,40.0,GB,08/25/18,59.0,53.76,-2.71,62.6,12.75
Saint Anthony,1.0,US,08/25/18,60.0,43.97,-111.68,53.96,3.36
High Level,90.0,CA,08/25/18,87.0,58.52,-117.13,42.8,9.17
Kochki,80.0,RU,08/25/18,95.0,54.33,80.49,60.65,3.04
Namibe,0.0,AO,08/25/18,100.0,-15.19,12.15,65.24,12.44
Hambantota,56.0,LK,08/25/18,93.0,6.12,81.12,81.89,17.13
Batemans Bay,24.0,AU,08/25/18,100.0,-35.71,150.18,46.7,2.93
Huallanca,0.0,PE,08/25/18,58.0,-9.9,-76.94,48.77,3.38
Andros Town,75.0,BS,08/25/18,70.0,24.73,-77.79,86.0,14.99
Axim,68.0,GH,08/25/18,95.0,4.87,-2.24,77.12,14.45
Maniitsoq,92.0,GL,08/25/18,100.0,65.42,-52.9,41.12,11.21
Kiruna,75.0,SE,08/25/18,87.0,67.86,20.23,50.0,14.99
Petropavlovsk-Kamchatskiy,40.0,RU,08/25/18,93.0,53.05,158.65,51.8,2.24
Tommot,80.0,RU,08/25/18,88.0,58.97,126.27,52.73,3.04
Encrucijada,20.0,CU,08/25/18,88.0,22.62,-79.86,78.8,6.93
Winsum,20.0,NL,08/25/18,59.0,53.33,6.52,62.6,12.75
Aklavik,75.0,CA,08/25/18,100.0,68.22,-135.01,41.0,4.7
Kuusamo,20.0,FI,08/25/18,72.0,65.96,29.19,60.8,10.29
Bereda,20.0,ES,08/25/18,64.0,43.27,-7.54,69.8,9.17
Qarayeri,20.0,AZ,08/25/18,45.0,40.79,46.31,84.2,16.11
Rome,20.0,IT,08/25/18,57.0,41.89,12.48,82.4,11.41
Chikhli,92.0,IN,08/25/18,99.0,20.76,73.06,75.77,14.56
Oistins,40.0,BB,08/25/18,66.0,13.07,-59.53,86.0,17.22
Biak,88.0,ID,08/25/18,96.0,-0.91,122.88,77.12,3.15
North Bend,1.0,US,08/25/18,96.0,43.41,-124.22,51.08,3.71
Rawson,0.0,AR,08/25/18,33.0,-43.3,-65.11,54.35,10.09
Nusaybin,0.0,TR,08/25/18,21.0,37.08,41.21,102.2,11.41
Kodinsk,68.0,RU,08/25/18,94.0,58.6,99.18,57.86,2.04
Nueva Florida,20.0,PE,08/25/18,290.0,-6.95,-76.61,62.6,0.92
Can Tho,92.0,VN,08/25/18,84.0,10.04,105.78,80.18,9.53
Oussouye,75.0,SN,08/25/18,59.0,12.49,-16.54,93.2,9.17
Jagannathpur,92.0,IN,08/25/18,95.0,19.33,84.87,76.13,6.06
Duncan,1.0,US,08/25/18,65.0,34.5,-97.96,83.48,14.99
Talnakh,92.0,RU,08/25/18,88.0,69.49,88.39,52.37,1.7
Kalengwa,0.0,ZM,08/25/18,39.0,-13.47,25.0,80.99,6.06
Mountain Home,1.0,US,08/25/18,55.0,43.13,-115.69,55.04,3.36
Iracoubo,0.0,GF,08/25/18,66.0,5.48,-53.21,87.2,5.61
Yamada,75.0,JP,08/25/18,83.0,36.58,137.08,82.4,8.05
Broome,40.0,GB,08/25/18,59.0,52.47,1.45,66.2,11.41
Fortuna,0.0,ES,08/25/18,66.0,38.18,-1.13,93.2,8.05
Garchitorena,88.0,PH,08/25/18,85.0,13.88,123.7,82.16,11.77
Ukiah,1.0,US,08/25/18,82.0,39.15,-123.21,53.06,1.59
Mayskiy,75.0,RU,08/25/18,57.0,43.63,44.06,75.2,2.24
Loiza,40.0,PR,08/25/18,67.0,18.43,-65.88,84.92,16.11
Kedougou,44.0,SN,08/25/18,75.0,12.56,-12.19,89.45,10.76
Lermontovka,92.0,RU,08/25/18,57.0,47.15,134.34,64.7,4.16
Sidney,75.0,US,08/25/18,71.0,47.72,-104.16,55.4,8.05
Barkot,64.0,IN,08/25/18,99.0,30.81,78.21,68.57,1.36
Aksum,100.0,ET,08/25/18,89.0,14.12,38.72,66.23,3.15
Ola,75.0,RU,08/25/18,93.0,59.58,151.3,60.8,2.24
Inhambane,20.0,MZ,08/25/18,69.0,-23.87,35.38,77.0,11.41
Buala,88.0,SB,08/25/18,99.0,-8.15,159.59,78.92,6.06
Mindelo,0.0,PT,08/25/18,53.0,41.31,-8.72,75.2,10.29
Kagal,88.0,IN,08/25/18,97.0,16.58,74.32,70.55,11.43
Dogondoutchi,80.0,NE,08/25/18,100.0,13.64,4.03,82.07,8.97
Shagonar,20.0,RU,08/25/18,92.0,51.54,92.92,53.99,1.92
Pytalovo,76.0,RU,08/25/18,90.0,57.06,27.92,70.37,6.96
Martapura,20.0,ID,08/25/18,83.0,-3.41,114.85,78.8,7.74
Xuddur,56.0,SO,08/25/18,31.0,4.12,43.89,88.28,14.67
Rafai,56.0,CF,08/25/18,62.0,4.95,23.92,83.6,2.04
Atar,0.0,MR,08/25/18,14.0,20.52,-13.05,110.33,9.53
Bjornevatn,88.0,NO,08/25/18,88.0,69.67,29.98,62.6,23.04
Rio Grande,75.0,BR,08/25/18,66.0,-32.03,-52.1,51.8,17.22
Zhezkazgan,48.0,KZ,08/25/18,87.0,47.8,67.71,54.35,8.52
Klyuchevsk,75.0,RU,08/25/18,82.0,57.12,60.94,62.6,13.42
Sambava,32.0,MG,08/25/18,100.0,-14.27,50.17,74.24,19.82
Hobyo,0.0,SO,08/25/18,65.0,5.35,48.53,78.83,22.84
Katakwi,64.0,UG,08/25/18,89.0,1.91,33.96,70.82,3.6
Sungai Petani,75.0,MY,08/25/18,78.0,5.64,100.49,82.4,2.24
Radchenko,0.0,RU,08/25/18,39.0,56.68,36.37,77.3,9.42
Vanimo,76.0,PG,08/25/18,100.0,-2.67,141.3,76.85,4.05
Sovetskiy,0.0,RU,08/25/18,70.0,56.76,48.47,64.88,5.17
Hovd,40.0,NO,08/25/18,58.0,63.83,10.7,59.0,8.05
Quthing,0.0,LS,08/25/18,30.0,-30.4,27.7,61.64,11.1
Huarmey,0.0,PE,08/25/18,74.0,-10.07,-78.15,65.42,2.93
Rocha,12.0,UY,08/25/18,75.0,-34.48,-54.34,49.58,23.51
Bulungu,36.0,CD,08/25/18,76.0,-4.54,18.6,83.78,4.38
Taitung,68.0,TW,08/25/18,100.0,22.76,121.15,74.78,5.39
Penzance,40.0,GB,08/25/18,58.0,50.12,-5.53,64.4,9.17
Mezen,0.0,RU,08/25/18,61.0,65.85,44.24,64.79,9.42
Nemuro,92.0,JP,08/25/18,100.0,43.32,145.57,58.94,14.67
Santiago del Estero,0.0,AR,08/25/18,28.0,-27.8,-64.26,61.91,4.05
Uige,32.0,AO,08/25/18,85.0,-7.61,15.06,74.51,2.93
Kiyevskoye,40.0,RU,08/25/18,65.0,45.04,37.89,82.4,11.18
Kedrovyy,0.0,RU,08/25/18,82.0,56.17,91.82,57.2,2.24
Grand-Santi,0.0,GF,08/25/18,54.0,4.27,-54.38,88.82,3.71
Kourou,40.0,GF,08/25/18,55.0,5.16,-52.64,89.6,8.05
Rodrigues Alves,0.0,BR,08/25/18,66.0,-7.74,-72.65,86.0,3.36
Bosaso,0.0,SO,08/25/18,89.0,11.28,49.18,86.57,5.39
Nurota,0.0,UZ,08/25/18,18.0,40.56,65.69,80.6,11.41
Luang Prabang,76.0,LA,08/25/18,92.0,19.89,102.14,73.25,1.7
Liverpool,40.0,GB,08/25/18,63.0,53.41,-2.98,62.6,14.99
Vardo,5.0,US,08/25/18,60.0,39.62,-77.74,75.2,3.36
Nago,75.0,IT,08/25/18,61.0,45.88,10.89,77.0,2.24
Caluquembe,8.0,AO,08/25/18,19.0,-13.78,14.68,85.22,3.49
Whyalla,0.0,AU,08/25/18,81.0,-33.04,137.58,48.2,6.93
Tairua,0.0,NZ,08/25/18,79.0,-37.02,175.85,52.64,7.52
Terra Santa,0.0,BR,08/25/18,49.0,-2.1,-56.49,92.33,6.62
Beloha,0.0,MG,08/25/18,32.0,-25.17,45.06,79.1,9.98
Road Town,20.0,VG,08/25/18,58.0,18.42,-64.62,87.8,12.75
Labuhan,12.0,ID,08/25/18,95.0,-2.54,115.51,73.88,2.48
Aanekoski,0.0,FI,08/25/18,55.0,62.6,25.73,62.6,6.93
Kirovskiy,92.0,RU,08/25/18,99.0,45.09,133.51,59.57,2.59
Nizhnyaya Salda,92.0,RU,08/25/18,93.0,58.07,60.71,60.02,7.07
Namatanai,20.0,PG,08/25/18,100.0,-3.66,152.44,81.44,1.48
Pamplona,40.0,ES,08/25/18,49.0,42.82,-1.64,75.2,17.22
Columbus,1.0,US,08/25/18,71.0,32.46,-84.99,80.96,4.5
Westport,75.0,IE,08/25/18,54.0,53.8,-9.52,59.0,4.7
Petropavlovka,0.0,RU,08/25/18,88.0,50.61,105.32,49.22,1.03
Elizabeth City,1.0,US,08/25/18,69.0,36.3,-76.22,82.94,9.17
Erenhot,92.0,CN,08/25/18,45.0,43.65,111.97,71.99,10.42
Sorland,92.0,NO,08/25/18,100.0,67.67,12.69,52.82,15.01
Veraval,40.0,FR,08/25/18,52.0,49.65,0.71,64.4,8.05
Vigrestad,20.0,NO,08/25/18,67.0,58.57,5.7,59.0,9.17
Maceio,40.0,BR,08/25/18,69.0,-9.67,-35.74,78.8,14.99
Kamojima,0.0,JP,08/25/18,85.0,34.07,134.35,77.57,4.61
Varsag,64.0,RO,08/25/18,70.0,46.52,25.35,70.19,1.48
Atambua,92.0,ID,08/25/18,100.0,-9.11,124.89,76.58,2.37
Cap Malheureux,40.0,MU,08/25/18,69.0,-19.98,57.61,73.4,11.41
Tahoua,8.0,NE,08/25/18,77.0,14.89,5.26,87.74,10.42
Izazi,75.0,TZ,08/25/18,46.0,-7.24,35.72,73.4,11.41
Villacarrillo,0.0,ES,08/25/18,31.0,38.12,-3.08,87.92,6.17
Ures,0.0,MX,08/25/18,66.0,30.73,-112.95,84.05,6.17
Shetpe,0.0,KZ,08/25/18,18.0,44.14,52.16,78.02,5.06
Galle,40.0,US,08/25/18,79.0,29.74,-97.91,84.02,9.17
Praya,75.0,ID,08/25/18,73.0,-8.71,116.27,77.0,6.93
Khairagarh,92.0,IN,08/25/18,94.0,21.42,80.98,73.79,11.43
Marsabit,12.0,KE,08/25/18,44.0,2.34,37.99,83.42,9.64
Gravdal,75.0,NO,08/25/18,71.0,59.79,5.78,57.2,11.41
Capoterra,40.0,IT,08/25/18,51.0,39.18,8.97,82.4,18.34
Escanaba,90.0,US,08/25/18,93.0,45.75,-87.06,66.2,5.82
Lovozero,100.0,RU,08/25/18,93.0,68.01,35.02,59.93,9.75
Tuatapere,0.0,NZ,08/25/18,95.0,-46.13,167.69,49.76,19.15
Vao,92.0,EE,08/25/18,69.0,59.1,26.19,65.96,4.05
Geilo,44.0,NO,08/25/18,71.0,60.53,8.21,45.8,3.38
Piacabucu,68.0,BR,08/25/18,61.0,-10.41,-36.43,81.98,13.78
Sechura,0.0,PE,08/25/18,89.0,-5.56,-80.82,67.67,7.07
Peleduy,92.0,RU,08/25/18,100.0,59.63,112.75,53.72,2.59
Pocri,68.0,PA,08/25/18,97.0,8.27,-80.55,80.54,3.15
Niquero,0.0,CU,08/25/18,87.0,20.04,-77.58,86.03,11.77
Pipirig,44.0,RO,08/25/18,45.0,47.23,26.08,82.4,11.41
Okhotsk,92.0,RU,08/25/18,100.0,59.36,143.24,57.68,3.71
Vilhena,90.0,BR,08/25/18,100.0,-12.74,-60.15,66.2,10.29
Abu Dhabi,0.0,AE,08/25/18,67.0,24.47,54.37,98.6,10.29
Sorong,76.0,ID,08/25/18,100.0,-0.86,131.25,79.28,7.4
Ahuimanu,75.0,US,08/25/18,81.0,21.44,-157.84,78.08,11.41
Amapa,75.0,HN,08/25/18,74.0,15.09,-87.97,80.6,4.7
Oranjemund,0.0,ZA,08/25/18,96.0,-28.55,16.43,57.05,18.25
Krasnoturansk,0.0,RU,08/25/18,77.0,54.32,91.57,66.2,2.24
Lac du Bonnet,32.0,CA,08/25/18,83.0,50.25,-96.06,71.27,11.65
Rajanpur,0.0,PK,08/25/18,49.0,29.1,70.33,93.05,8.52
Dingle,80.0,PH,08/25/18,82.0,11.0,122.67,79.28,6.06
Thinadhoo,8.0,MV,08/25/18,100.0,0.53,72.93,82.43,5.06
Gorontalo,48.0,ID,08/25/18,91.0,0.54,123.06,74.6,2.15
Mount Gambier,80.0,AU,08/25/18,81.0,-37.83,140.78,41.48,4.38
Samarai,92.0,PG,08/25/18,100.0,-10.62,150.67,75.41,14.23
Pervomayskoye,0.0,RU,08/25/18,75.0,57.07,86.23,61.28,8.52
Gilgit,92.0,PK,08/25/18,84.0,35.92,74.31,46.97,0.69
Pinheiro Machado,0.0,BR,08/25/18,73.0,-31.58,-53.38,51.92,20.49
Nyurba,80.0,RU,08/25/18,94.0,63.29,118.35,53.72,3.04
Jizan,20.0,SA,08/25/18,59.0,16.89,42.56,95.0,16.11
Bilma,12.0,NE,08/25/18,24.0,18.69,12.92,101.24,10.2
Ilyich,0.0,RU,08/25/18,69.0,44.09,41.37,67.94,2.04
Shirokiy,0.0,RU,08/25/18,24.0,53.87,39.17,79.64,5.06
Muskego,90.0,US,08/25/18,88.0,42.91,-88.14,71.96,4.7
Redmond,75.0,US,08/25/18,93.0,47.67,-122.12,55.04,5.82
Aksu,75.0,KZ,08/25/18,67.0,52.04,76.93,59.0,6.71
Bratsk,32.0,RU,08/25/18,72.0,56.15,101.63,62.6,4.47
Puruaran,75.0,MX,08/25/18,82.0,19.1,-101.53,62.6,2.04
Kudahuvadhoo,44.0,MV,08/25/18,100.0,2.67,72.89,82.88,6.62
Smolenka,92.0,PL,08/25/18,100.0,54.15,22.76,58.76,9.64
Sabancuy,0.0,MX,08/25/18,100.0,18.97,-91.18,80.9,8.19
Eyl,20.0,SO,08/25/18,61.0,7.98,49.82,82.16,24.07
Carutapera,8.0,BR,08/25/18,70.0,-1.2,-46.02,85.85,12.77
Jega,92.0,NG,08/25/18,93.0,12.22,4.38,76.94,11.43
Port-de-Bouc,0.0,FR,08/25/18,40.0,43.4,4.98,73.4,29.97
Mokhsogollokh,80.0,RU,08/25/18,99.0,61.4,128.95,54.35,2.37
Gulistan,0.0,UZ,08/25/18,34.0,40.5,68.78,74.15,9.08
Buchanan,90.0,LR,08/25/18,100.0,5.88,-10.05,75.2,11.41
Birjand,0.0,IR,08/25/18,11.0,32.86,59.22,84.2,16.11
Teahupoo,36.0,PF,08/25/18,73.0,-17.83,-149.27,75.2,4.7
Ambilobe,0.0,MG,08/25/18,45.0,-13.19,49.05,79.37,14.67
Balabac,12.0,PH,08/25/18,99.0,7.99,117.06,85.4,6.4
Kloulklubed,75.0,PW,08/25/18,94.0,7.04,134.26,75.2,3.36
San Pancrazio Salentino,40.0,IT,08/25/18,69.0,40.42,17.84,82.4,4.7
Havre-Saint-Pierre,20.0,CA,08/25/18,77.0,50.23,-63.6,66.2,8.05
Rupert,1.0,US,08/25/18,58.0,42.62,-113.68,57.02,5.82
Mago,12.0,RU,08/25/18,90.0,53.27,140.15,57.23,2.15
Ambulu,24.0,ID,08/25/18,100.0,-8.35,113.61,72.35,5.39
Fort Payne,90.0,US,08/25/18,60.0,34.44,-85.72,77.0,3.36
Ulladulla,48.0,AU,08/25/18,100.0,-35.36,150.48,50.0,8.05
Mitu,0.0,IR,08/25/18,21.0,36.2,46.09,85.04,1.59
Wawa,92.0,NG,08/25/18,91.0,9.9,4.41,77.93,11.1
Vallenar,0.0,CL,08/25/18,59.0,-28.58,-70.76,64.07,3.38
Ovalle,0.0,CL,08/25/18,80.0,-30.6,-71.2,62.72,4.05
Asosa,44.0,ET,08/25/18,77.0,10.07,34.53,73.7,3.6
Baker City,1.0,US,08/25/18,70.0,44.77,-117.83,48.92,2.04
Knysna,0.0,ZA,08/25/18,67.0,-34.04,23.05,62.6,10.29
Nuuk,75.0,GL,08/25/18,65.0,64.17,-51.74,46.4,14.99
Doha,0.0,QA,08/25/18,53.0,25.29,51.53,98.6,8.05
Dzilam Gonzalez,0.0,MX,08/25/18,85.0,21.28,-88.93,84.05,3.6
Filingue,56.0,NE,08/25/18,85.0,14.35,3.32,87.2,7.96
Beaverlodge,90.0,CA,08/25/18,93.0,55.21,-119.43,48.2,3.36
Olden,92.0,NO,08/25/18,100.0,61.84,6.81,39.77,1.48
Keti Bandar,80.0,PK,08/25/18,97.0,24.14,67.45,80.54,16.58
Witham,20.0,GB,08/25/18,39.0,51.8,0.64,66.38,10.29
Laguna,20.0,MX,08/25/18,88.0,27.52,-110.01,80.6,3.38
Lorengau,20.0,PG,08/25/18,100.0,-2.02,147.27,79.82,1.59
Muravlenko,76.0,RU,08/25/18,86.0,63.79,74.5,58.67,7.18
Villa Carlos Paz,0.0,AR,08/25/18,20.0,-31.42,-64.5,55.4,4.7
Suez,0.0,EG,08/25/18,33.0,29.97,32.54,93.5,12.21
Ankang,12.0,CN,08/25/18,78.0,32.73,108.99,68.12,2.48
Tinskoy,0.0,RU,08/25/18,70.0,56.15,96.92,60.92,4.16
Inuvik,75.0,CA,08/25/18,86.0,68.36,-133.71,41.0,2.71
Yeghegnavan,0.0,AM,08/25/18,22.0,39.84,44.63,91.4,1.12
Xichang,92.0,CN,08/25/18,99.0,27.88,102.25,60.02,1.03
Ambon,0.0,FR,08/25/18,60.0,47.55,-2.56,68.0,10.29
San Cristobal,75.0,EC,08/25/18,81.0,-0.39,-78.55,51.8,16.11
Alice Springs,0.0,AU,08/25/18,42.0,-23.7,133.88,44.6,4.7
Dali,92.0,CN,08/25/18,100.0,25.6,100.24,62.27,1.92
Anloga,40.0,GH,08/25/18,83.0,5.79,0.9,80.6,13.87
Whitehorse,75.0,CA,08/25/18,81.0,60.72,-135.06,50.0,5.82
Boa Vista,75.0,BR,08/25/18,59.0,2.82,-60.67,89.6,13.87
Nicolas Bravo,20.0,MX,08/25/18,77.0,24.39,-104.74,59.0,3.15
Goya,0.0,AR,08/25/18,73.0,-29.14,-59.27,57.86,7.07
Derzhavinsk,76.0,KZ,08/25/18,86.0,51.1,66.31,52.55,4.16
Camacha,40.0,PT,08/25/18,69.0,33.08,-16.33,78.8,14.99
Petropavl,92.0,KZ,08/25/18,97.0,54.87,69.13,54.17,7.74
Pagudpud,92.0,PH,08/25/18,100.0,18.56,120.79,78.83,22.73
Nouakchott,0.0,MR,08/25/18,100.0,18.08,-15.98,80.54,13.11
Bassano,68.0,CA,08/25/18,83.0,50.79,-112.47,51.02,4.5
Senno,40.0,RU,08/25/18,88.0,57.76,27.95,66.2,4.47
Verkh-Usugli,56.0,RU,08/25/18,85.0,52.7,115.17,60.74,2.48
Matara,0.0,PE,08/25/18,57.0,-13.74,-72.9,50.0,2.48
Chara,40.0,GR,08/25/18,58.0,39.42,22.43,84.2,13.87
Marzuq,92.0,YE,08/25/18,20.0,14.4,46.47,88.64,4.16
Sawtell,40.0,AU,08/25/18,82.0,-30.38,153.1,55.4,5.82
Karratha,0.0,AU,08/25/18,74.0,-20.74,116.85,52.37,3.94
Isla Vista,90.0,US,08/25/18,100.0,34.41,-119.86,64.04,9.98
Kikwit,36.0,CD,08/25/18,76.0,-5.04,18.82,83.78,4.38
Yumen,80.0,CN,08/25/18,43.0,40.29,97.04,69.02,10.76
Leninskoye,48.0,RU,08/25/18,87.0,54.82,82.85,60.8,4.47
Kaliyaganj,48.0,IN,08/25/18,99.0,25.64,88.33,78.65,0.47
Kadaya,76.0,RU,08/25/18,89.0,50.93,119.29,59.57,2.59
Launceston,90.0,AU,08/25/18,93.0,-41.43,147.14,44.6,10.29
Hamilton,20.0,BM,08/25/18,74.0,32.3,-64.78,86.0,8.05
Tarko-Sale,24.0,RU,08/25/18,77.0,64.92,77.78,59.57,7.07
Pilar,0.0,AR,08/25/18,53.0,-34.46,-58.91,50.0,11.41
Liku,44.0,ID,08/25/18,95.0,-0.73,119.89,79.1,2.48
Tabou,92.0,CI,08/25/18,100.0,4.42,-7.36,77.75,16.13
Porkhov,40.0,RU,08/25/18,88.0,57.77,29.55,66.2,4.47
Orizona,44.0,BR,08/25/18,43.0,-17.03,-48.3,83.87,4.5
Farah,0.0,AF,08/25/18,12.0,32.37,62.11,86.75,14.12
Kars,20.0,TR,08/25/18,23.0,40.61,43.1,84.2,1.12
Faya,40.0,SA,08/25/18,57.0,18.39,42.45,84.2,14.99
Noumea,0.0,NC,08/25/18,77.0,-22.28,166.46,60.8,4.7
Tevaitoa,88.0,PF,08/25/18,97.0,-16.78,-151.5,79.55,7.07
Chopovychi,64.0,UA,08/25/18,41.0,50.83,28.95,82.88,8.19
Teya,20.0,MX,08/25/18,74.0,21.05,-89.07,80.6,3.6
Yining,88.0,CN,08/25/18,68.0,29.04,114.56,77.48,6.4
Leopold,90.0,US,08/25/18,78.0,38.1,-86.58,75.74,14.99
Tura,80.0,IN,08/25/18,90.0,25.52,90.21,81.8,2.15
Byron Bay,75.0,AU,08/25/18,82.0,-28.65,153.62,57.2,5.82
General Pico,0.0,AR,08/25/18,35.0,-35.66,-63.75,56.6,5.17
Koppies,20.0,ZA,08/25/18,27.0,-27.24,27.57,73.79,18.7
Shaunavon,12.0,CA,08/25/18,60.0,49.65,-108.41,53.54,6.62
Lekoni,56.0,GA,08/25/18,89.0,-1.58,14.26,79.1,6.62
Fangshan,0.0,CN,08/25/18,74.0,39.75,116.14,78.8,2.24
Bambanglipuro,0.0,ID,08/25/18,91.0,-7.95,110.28,66.68,2.71
Lakes Entrance,0.0,AU,08/25/18,99.0,-37.88,147.99,44.63,3.49
Gornopravdinsk,36.0,RU,08/25/18,64.0,60.06,69.92,65.24,6.62
Rumphi,44.0,MW,08/25/18,34.0,-11.02,33.86,73.07,5.95
Berezanka,0.0,UA,08/25/18,25.0,46.86,31.39,89.6,6.71
Nalut,0.0,LY,08/25/18,31.0,31.86,10.98,90.08,8.63
Talara,0.0,PE,08/25/18,290.0,-4.58,-81.27,62.6,17.22
Tamandare,0.0,BR,08/25/18,72.0,-8.28,-70.75,87.11,3.71
Suicheng,0.0,CN,08/25/18,80.0,33.9,117.93,74.42,9.42
Ibra,12.0,OM,08/25/18,36.0,22.69,58.55,90.62,0.69
Uvat,8.0,RU,08/25/18,66.0,59.14,68.9,65.78,8.97
Zaragoza,0.0,ES,08/25/18,33.0,41.65,-0.88,78.8,21.92
Dongtai,36.0,CN,08/25/18,83.0,32.85,120.31,78.47,12.55
Grants,90.0,US,08/25/18,73.0,35.15,-107.85,62.6,4.38
Bowen,40.0,AU,08/25/18,93.0,-20.01,148.25,62.6,4.7
Mahajanga,20.0,MG,08/25/18,61.0,-15.72,46.32,80.6,6.93
Esfahan,0.0,IR,08/25/18,15.0,32.66,51.68,93.2,9.17
Saint-Paul-les-Dax,92.0,FR,08/25/18,53.0,43.73,-1.05,71.6,5.82
Gryazi,0.0,RU,08/25/18,22.0,52.5,39.96,79.64,4.38
Raudeberg,40.0,NO,08/25/18,76.0,61.99,5.14,53.6,3.36
Farafangana,0.0,MG,08/25/18,89.0,-22.82,47.83,74.15,9.19
Cedar City,1.0,US,08/25/18,53.0,37.68,-113.06,64.04,3.71
Gewane,68.0,ET,08/25/18,35.0,10.16,40.66,88.28,6.96
Tandalti,24.0,SD,08/25/18,68.0,13.01,31.87,86.21,5.5
Ende,56.0,ID,08/25/18,100.0,-8.84,121.65,77.48,4.16
Pontianak,40.0,ID,08/25/18,94.0,-0.02,109.34,77.0,3.94
Serenje,0.0,ZM,08/25/18,26.0,-13.23,30.22,76.85,10.98
Murphy,1.0,US,08/25/18,76.0,33.02,-96.61,82.94,11.41
Machiques,0.0,VE,08/25/18,60.0,10.06,-72.55,81.8,5.73
Mombetsu,68.0,JP,08/25/18,99.0,44.35,143.35,62.09,19.71
Acari,0.0,BR,08/25/18,37.0,-6.44,-36.64,89.18,13.67
Svetlogorsk,90.0,RU,08/25/18,58.0,53.14,59.15,59.0,13.42
Zharkent,0.0,KZ,08/25/18,52.0,44.17,80.0,56.42,2.71
Balakhta,12.0,RU,08/25/18,82.0,55.38,91.62,58.67,2.71
Mzimba,0.0,MW,08/25/18,44.0,-11.9,33.6,68.75,9.42
Prokudskoye,68.0,RU,08/25/18,87.0,55.01,82.46,60.8,4.47
Banda Aceh,88.0,ID,08/25/18,76.0,5.56,95.32,80.0,6.4
Goderich,100.0,CA,08/25/18,89.0,43.74,-81.71,70.82,17.69
Taksimo,92.0,RU,08/25/18,97.0,56.36,114.84,54.98,2.15
Manadhoo,64.0,MV,08/25/18,100.0,5.77,73.38,82.7,11.1
Boffa,80.0,GN,08/25/18,90.0,10.18,-14.04,81.8,9.64
North Platte,1.0,US,08/25/18,68.0,41.12,-100.77,73.04,4.7
Lokachi,48.0,UA,08/25/18,96.0,50.74,24.65,70.55,10.42
Tavda,36.0,RU,08/25/18,81.0,58.04,65.27,64.52,12.66
Kshenskiy,0.0,RU,08/25/18,24.0,51.85,37.72,80.18,4.61
Yelnya,8.0,RU,08/25/18,56.0,54.58,33.19,74.6,8.63
Shush,20.0,RU,08/25/18,65.0,55.6,89.45,63.44,7.96
Takoradi,88.0,GH,08/25/18,92.0,4.89,-1.75,76.85,9.19
Ust-Kulom,0.0,RU,08/25/18,79.0,61.69,53.69,59.21,3.04
Imbituba,0.0,BR,08/25/18,45.0,-28.24,-48.67,66.2,16.11
Juchipila,0.0,MX,08/25/18,80.0,21.41,-103.12,64.61,3.38
Katsuura,0.0,JP,08/25/18,85.0,33.93,134.5,77.57,4.61
Semey,24.0,KZ,08/25/18,71.0,50.41,80.25,62.81,7.18
Katobu,0.0,ID,08/25/18,92.0,-4.94,122.53,79.46,7.4
Egvekinot,92.0,RU,08/25/18,99.0,66.32,-179.17,41.12,2.59
Nanpara,76.0,IN,08/25/18,93.0,27.87,81.5,78.74,4.38
Kailua,75.0,US,08/25/18,81.0,21.39,-157.74,78.08,11.41
Shelopugino,64.0,RU,08/25/18,89.0,51.65,117.56,59.75,2.48
San Carlos,32.0,VE,08/25/18,86.0,9.66,-68.59,83.06,5.61
Moree,92.0,AU,08/25/18,97.0,-29.46,149.84,53.0,9.64
Nagorsk,0.0,RU,08/25/18,73.0,59.32,50.8,60.74,5.06
Serebryansk,40.0,KZ,08/25/18,49.0,49.68,83.3,69.8,13.42
Tshane,0.0,BW,08/25/18,14.0,-24.02,21.87,83.51,9.42
Tautira,36.0,PF,08/25/18,73.0,-17.73,-149.15,75.2,4.7
Manuk Mangkaw,80.0,PH,08/25/18,100.0,4.8,119.85,83.6,8.97
Bartica,75.0,GY,08/25/18,70.0,6.41,-58.62,86.0,11.41
Storsteinnes,75.0,NO,08/25/18,87.0,69.24,19.23,53.6,20.8
Skjervoy,92.0,NO,08/25/18,92.0,70.03,20.97,54.08,2.93
Wanning,75.0,AT,08/25/18,67.0,48.64,13.53,62.6,8.05
Batticaloa,48.0,LK,08/25/18,100.0,7.71,81.69,78.2,5.17
Ulaangom,36.0,MN,08/25/18,54.0,49.98,92.07,52.55,1.7
Mayna,92.0,RU,08/25/18,92.0,53.0,91.49,58.76,2.04
Kargasok,8.0,RU,08/25/18,90.0,59.06,80.87,57.14,4.5
Fare,88.0,PF,08/25/18,97.0,-16.7,-151.02,79.55,7.07
Bara,80.0,NG,08/25/18,85.0,10.41,10.6,77.48,11.21
Sisimiut,88.0,GL,08/25/18,73.0,66.94,-53.67,43.28,9.42
Severomuysk,92.0,RU,08/25/18,98.0,56.17,113.57,50.66,2.04
Verkhoyansk,0.0,RU,08/25/18,86.0,67.55,133.39,42.92,4.61
Russell,0.0,AR,08/25/18,39.0,-33.01,-68.8,50.0,3.36
Fairfax,90.0,US,08/25/18,74.0,32.96,-81.24,80.6,3.36
Kharp,0.0,RU,08/25/18,73.0,66.82,65.8,54.44,6.73
Xinyu,92.0,CN,08/25/18,97.0,27.8,114.93,74.78,11.1
Sinnamary,12.0,GF,08/25/18,87.0,5.38,-52.96,84.68,10.09
Coahuayana,56.0,MX,08/25/18,74.0,18.62,-100.35,70.37,2.48
Ulaanbaatar,75.0,MN,08/25/18,81.0,47.92,106.92,53.6,8.95
Auki,12.0,NG,08/25/18,95.0,12.18,6.51,78.2,10.2
Wanlaweyn,0.0,SO,08/25/18,58.0,2.62,44.89,82.43,15.12
Douglas,90.0,US,08/25/18,100.0,58.28,-134.39,53.96,6.93
La Asuncion,0.0,EC,08/25/18,64.0,-1.64,-78.74,54.98,3.49
Beberibe,20.0,BR,08/25/18,55.0,-4.18,-38.13,87.8,17.22
Komsomolskiy,0.0,RU,08/25/18,63.0,67.55,63.78,53.27,7.4
Rundu,0.0,NA,08/25/18,12.0,-17.91,19.77,92.42,4.61
Manggar,24.0,ID,08/25/18,91.0,-2.88,108.27,79.46,7.4
Srandakan,0.0,ID,08/25/18,91.0,-7.94,110.25,66.68,2.71
Nouadhibou,0.0,MR,08/25/18,51.0,20.93,-17.03,84.2,17.22
Nagato,20.0,JP,08/25/18,78.0,34.35,131.14,82.4,9.17
Ishigaki,100.0,JP,08/25/18,100.0,24.34,124.16,82.07,21.27
Agboville,92.0,CI,08/25/18,100.0,5.93,-4.21,73.34,4.61
Cassilandia,56.0,BR,08/25/18,72.0,-19.11,-51.73,76.76,5.73
Cordoba,0.0,CO,08/25/18,39.0,5.59,-73.79,66.5,2.48
La Plata,0.0,AR,08/25/18,57.0,-34.92,-57.95,50.0,12.75
La Libertad,0.0,PE,08/25/18,8.0,-16.38,-71.56,66.2,4.7
Arys,0.0,KZ,08/25/18,21.0,42.43,68.8,71.6,6.71
Bull Savanna,0.0,JM,08/25/18,73.0,17.89,-77.59,83.87,5.17
Kandi,88.0,BJ,08/25/18,97.0,11.13,2.93,76.85,8.19
Swan Hill,0.0,AU,08/25/18,85.0,-35.34,143.56,43.91,2.93
Bani,92.0,PH,08/25/18,100.0,15.89,120.27,73.25,8.08
Diego de Almagro,0.0,CL,08/25/18,73.0,-26.39,-70.05,65.69,1.59
Kanashevo,75.0,RU,08/25/18,100.0,55.21,62.07,57.2,11.18
Bressanone,75.0,IT,08/25/18,87.0,46.72,11.66,71.6,1.12
Barreirinha,0.0,BR,08/25/18,46.0,-2.8,-57.07,93.68,5.5
Krasnyy Chikoy,100.0,RU,08/25/18,100.0,50.36,108.75,53.72,2.15
Slupsk,92.0,PL,08/25/18,85.0,54.46,17.03,64.97,7.63
East Hampton,40.0,US,08/25/18,57.0,41.58,-72.5,77.0,4.7
Tabuk,92.0,PH,08/25/18,92.0,17.41,121.44,69.56,1.92
Sandwick,24.0,GB,08/25/18,67.0,54.57,-2.89,57.2,14.99
Marawi,44.0,PH,08/25/18,98.0,8.0,124.29,67.85,1.14
Seydi,20.0,NE,08/25/18,85.0,13.34,7.75,81.35,10.76
Vila Velha,20.0,BR,08/25/18,55.0,-3.71,-38.6,87.8,17.22
Kanchanaburi,100.0,TH,08/25/18,98.0,14.03,99.53,72.44,3.38
Nishihara,1.0,JP,08/25/18,76.0,35.74,139.53,84.2,4.7
Tooele,1.0,US,08/25/18,50.0,40.53,-112.3,71.96,4.05
Rapid Valley,1.0,US,08/25/18,60.0,44.06,-103.15,70.7,14.99
Borbon,90.0,PH,08/25/18,83.0,10.84,124.03,80.6,6.93
Wloszczowa,88.0,PL,08/25/18,99.0,50.85,19.97,63.26,1.59
Valparaiso,90.0,US,08/25/18,86.0,41.47,-87.06,71.6,6.93
Nobres,68.0,BR,08/25/18,70.0,-14.72,-56.34,76.4,12.55
Andreyevo,0.0,RU,08/25/18,49.0,55.95,41.15,74.78,3.6
Guilin,0.0,CN,08/25/18,78.0,25.28,110.29,78.8,4.47
Ejido,0.0,VE,08/25/18,47.0,8.55,-71.24,75.2,1.36
Acapulco,40.0,MX,08/25/18,83.0,16.86,-99.88,78.8,3.36
Yatou,40.0,CM,08/25/18,70.0,3.63,9.81,86.0,5.82
Guane,0.0,CU,08/25/18,85.0,22.2,-84.09,84.77,4.05
Mao,40.0,DO,08/25/18,74.0,19.55,-71.08,87.8,11.41
Isla Mujeres,20.0,MX,08/25/18,70.0,21.23,-86.73,86.0,4.94
Wenling,92.0,CN,08/25/18,100.0,28.38,121.38,77.66,3.71
Van,0.0,TR,08/25/18,51.0,38.51,43.37,80.6,8.05
Tecpan,75.0,GT,08/25/18,68.0,14.76,-90.99,68.0,13.87
Pimenta Bueno,92.0,BR,08/25/18,98.0,-11.68,-61.19,70.01,2.93
North Battleford,90.0,CA,08/25/18,87.0,52.78,-108.3,46.4,12.75
Huanren,12.0,CN,08/25/18,89.0,41.26,125.37,62.0,4.72
Zhigansk,0.0,RU,08/25/18,66.0,66.77,123.37,51.38,6.06
Bundaberg,88.0,AU,08/25/18,100.0,-24.87,152.35,63.89,12.1
Las Vegas,40.0,US,08/25/18,15.0,36.17,-115.15,87.08,8.05
Vanderhoof,56.0,CA,08/25/18,72.0,54.02,-124.02,52.55,5.73
Haines Junction,0.0,CA,08/25/18,96.0,60.75,-137.51,33.83,1.92
Mandera,20.0,ET,08/25/18,27.0,3.94,41.86,93.59,14.23
San Pedro de Ycuamandiyu,0.0,PY,08/25/18,61.0,-24.09,-57.08,62.09,9.08
Melnikovo,44.0,RU,08/25/18,73.0,56.55,84.09,64.52,7.63
Porto Novo,75.0,BR,08/25/18,77.0,-23.68,-45.44,69.8,4.7
Patti,40.0,IT,08/25/18,58.0,38.14,14.96,86.0,6.93
Aquiraz,20.0,BR,08/25/18,55.0,-3.9,-38.39,87.8,17.22
Grafton,64.0,AU,08/25/18,97.0,-29.69,152.93,50.84,1.14
Giurgiu,0.0,RO,08/25/18,27.0,43.9,25.97,89.6,5.82
Ialibu,92.0,PG,08/25/18,99.0,-6.28,143.99,54.17,1.7
Kabompo,0.0,ZM,08/25/18,44.0,-13.6,24.21,80.0,10.09
Ulsteinvik,75.0,NO,08/25/18,67.0,62.35,5.85,57.2,11.41
Cabatuan,68.0,PH,08/25/18,97.0,16.95,121.67,72.62,2.15
Dzhebariki-Khaya,8.0,RU,08/25/18,96.0,62.22,135.8,51.47,2.48
Moron,48.0,VE,08/25/18,72.0,10.49,-68.2,80.63,3.38
Clonakilty,40.0,IE,08/25/18,55.0,51.62,-8.87,60.8,10.29
Nuevo Imperial,8.0,PE,08/25/18,76.0,-13.08,-76.32,63.98,2.37
